  tevs_ballots_precinct_id ,hart_precinct_name 
_media_OTHER_20161119_unproc_000_000000_jpg,1CS-E
_media_OTHER_20161119_unproc_000_000001_jpg,1CS-E
_media_OTHER_20161119_unproc_000_000002_jpg,1CS-E
_media_OTHER_20161119_unproc_000_000276_jpg,1CS-2
_media_OTHER_20161119_unproc_000_000277_jpg,1CS-2
_media_OTHER_20161119_unproc_000_000278_jpg,1CS-2
_media_OTHER_20161119_unproc_000_000532_jpg,1CS-1
_media_OTHER_20161119_unproc_000_000533_jpg,1CS-1
_media_OTHER_20161119_unproc_000_000534_jpg,1CS-1
_media_OTHER_20161119_unproc_000_000804_jpg,1E-43
_media_OTHER_20161119_unproc_000_000805_jpg,1E-43
_media_OTHER_20161119_unproc_000_000806_jpg,1E-43
_media_OTHER_20161119_unproc_000_000807_jpg,1E-43
_media_OTHER_20161119_unproc_001_001212_jpg,1E-36
_media_OTHER_20161119_unproc_001_001213_jpg,1E-36
_media_OTHER_20161119_unproc_001_001214_jpg,1E-36
_media_OTHER_20161119_unproc_001_001215_jpg,1E-36
_media_OTHER_20161119_unproc_001_001548_jpg,1E-36
_media_OTHER_20161119_unproc_001_001549_jpg,???
_media_OTHER_20161119_unproc_001_001550_jpg,???
_media_OTHER_20161119_unproc_001_001856_jpg,???
_media_OTHER_20161119_unproc_001_001857_jpg,???
_media_OTHER_20161119_unproc_001_001858_jpg,???
_media_OTHER_20161119_unproc_002_002296_jpg,1E-55
_media_OTHER_20161119_unproc_002_002297_jpg,1E-55
_media_OTHER_20161119_unproc_002_002298_jpg,1E-55
_media_OTHER_20161119_unproc_002_002299_jpg,1E-55
_media_OTHER_20161119_unproc_002_002544_jpg,1E-45
_media_OTHER_20161119_unproc_002_002545_jpg,1E-45
_media_OTHER_20161119_unproc_002_002546_jpg,1E-45
_media_OTHER_20161119_unproc_002_002547_jpg,1E-45
_media_OTHER_20161119_unproc_002_002948_jpg,1LU
_media_OTHER_20161119_unproc_002_002949_jpg,1LU
_media_OTHER_20161119_unproc_002_002950_jpg,1LU
_media_OTHER_20161119_unproc_003_003136_jpg,1FS
_media_OTHER_20161119_unproc_003_003137_jpg,1FS
_media_OTHER_20161119_unproc_003_003138_jpg,1FS
_media_OTHER_20161119_unproc_003_003424_jpg,1F-1
_media_OTHER_20161119_unproc_003_003425_jpg,1F-1
_media_OTHER_20161119_unproc_003_003426_jpg,1F-1
_media_OTHER_20161119_unproc_003_003427_jpg,1F-1
_media_OTHER_20161119_unproc_003_003872_jpg,1SB-4
_media_OTHER_20161119_unproc_003_003873_jpg,1SB-4
_media_OTHER_20161119_unproc_003_003874_jpg,1SB-4
_media_OTHER_20161119_unproc_004_004484_jpg,1SB-1
_media_OTHER_20161119_unproc_004_004485_jpg,1SB-1
_media_OTHER_20161119_unproc_004_004486_jpg,1SB-1
_media_OTHER_20161119_unproc_005_005100_jpg,1SU
_media_OTHER_20161119_unproc_005_005101_jpg,1SU
_media_OTHER_20161119_unproc_005_005102_jpg,1SU
_media_OTHER_20161119_unproc_005_005224_jpg,1SB10
_media_OTHER_20161119_unproc_005_005225_jpg,1SB10
_media_OTHER_20161119_unproc_005_005226_jpg,1SB10
_media_OTHER_20161119_unproc_005_005580_jpg,2BV-1
_media_OTHER_20161119_unproc_005_005581_jpg,2BV-1
_media_OTHER_20161119_unproc_005_005582_jpg,2BV-1
_media_OTHER_20161119_unproc_005_005680_jpg,2CU
_media_OTHER_20161119_unproc_005_005681_jpg,2CU
_media_OTHER_20161119_unproc_005_005682_jpg,2CU
_media_OTHER_20161119_unproc_005_005941_jpg,2F-2
_media_OTHER_20161119_unproc_005_005942_jpg,2F-2
_media_OTHER_20161119_unproc_005_005943_jpg,2F-2
_media_OTHER_20161119_unproc_005_005944_jpg,2F-2
_media_OTHER_20161119_unproc_006_006028_jpg,2R-2
_media_OTHER_20161119_unproc_006_006029_jpg,2R-2
_media_OTHER_20161119_unproc_006_006030_jpg,2R-2
_media_OTHER_20161119_unproc_006_006031_jpg,2R-2
_media_OTHER_20161119_unproc_006_006444_jpg,2F-R2
_media_OTHER_20161119_unproc_006_006445_jpg,2F-R2
_media_OTHER_20161119_unproc_006_006446_jpg,2F-R2
_media_OTHER_20161119_unproc_006_006447_jpg,2F-R2
_media_OTHER_20161119_unproc_006_006880_jpg,2F-3
_media_OTHER_20161119_unproc_006_006881_jpg,2F-3
_media_OTHER_20161119_unproc_006_006882_jpg,2F-3
_media_OTHER_20161119_unproc_006_006883_jpg,2F-3
_media_OTHER_20161119_unproc_007_007272_jpg,2F-4
_media_OTHER_20161119_unproc_007_007273_jpg,2F-4
_media_OTHER_20161119_unproc_007_007274_jpg,2F-4
_media_OTHER_20161119_unproc_007_007275_jpg,2F-4
_media_OTHER_20161119_unproc_007_007652_jpg,2F-R3
_media_OTHER_20161119_unproc_007_007653_jpg,2F-R3
_media_OTHER_20161119_unproc_007_007654_jpg,2F-R3
_media_OTHER_20161119_unproc_007_007655_jpg,2F-R3
_media_OTHER_20161119_unproc_008_008072_jpg,2F-R1
_media_OTHER_20161119_unproc_008_008073_jpg,2F-R1
_media_OTHER_20161119_unproc_008_008074_jpg,2F-R1
_media_OTHER_20161119_unproc_008_008075_jpg,2F-R1
_media_OTHER_20161119_unproc_008_008748_jpg,2RV-1
_media_OTHER_20161119_unproc_008_008749_jpg,2RV-1
_media_OTHER_20161119_unproc_008_008750_jpg,2RV-1
_media_OTHER_20161119_unproc_008_008756_jpg,2HV-1
_media_OTHER_20161119_unproc_008_008757_jpg,2HV-1
_media_OTHER_20161119_unproc_008_008758_jpg,2HV-1
_media_OTHER_20161119_unproc_009_009232_jpg,2F-R4
_media_OTHER_20161119_unproc_009_009233_jpg,2F-R4
_media_OTHER_20161119_unproc_009_009234_jpg,2F-R4
_media_OTHER_20161119_unproc_009_009235_jpg,2F-R4
_media_OTHER_20161119_unproc_010_010188_jpg,2R-1
_media_OTHER_20161119_unproc_010_010189_jpg,2R-1
_media_OTHER_20161119_unproc_010_010190_jpg,2R-1
_media_OTHER_20161119_unproc_010_010191_jpg,2R-1
_media_OTHER_20161119_unproc_010_010592_jpg,2SH-5
_media_OTHER_20161119_unproc_010_010593_jpg,2SH-5
_media_OTHER_20161119_unproc_010_010594_jpg,2SH-5
_media_OTHER_20161119_unproc_011_011012_jpg,2SHS4
_media_OTHER_20161119_unproc_011_011013_jpg,2SHS4
_media_OTHER_20161119_unproc_011_011014_jpg,2SHS4
_media_OTHER_20161119_unproc_011_011268_jpg,2SH-4
_media_OTHER_20161119_unproc_011_011269_jpg,2SH-4
_media_OTHER_20161119_unproc_011_011270_jpg,2SH-4
_media_OTHER_20161119_unproc_011_011652_jpg,5KT-4
_media_OTHER_20161119_unproc_011_011653_jpg,5KT-4
_media_OTHER_20161119_unproc_011_011654_jpg,5KT-4
_media_OTHER_20161119_unproc_011_011784_jpg,5FB
_media_OTHER_20161119_unproc_011_011785_jpg,5FB
_media_OTHER_20161119_unproc_011_011786_jpg,5FB
_media_OTHER_20161119_unproc_012_012052_jpg,5BL
_media_OTHER_20161119_unproc_012_012053_jpg,5BL
_media_OTHER_20161119_unproc_012_012054_jpg,5BL
_media_OTHER_20161119_unproc_012_012384_jpg,2SHS7
_media_OTHER_20161119_unproc_012_012385_jpg,2SHS7
_media_OTHER_20161119_unproc_012_012386_jpg,2SHS7
_media_OTHER_20161119_unproc_012_012656_jpg,5MK-1
_media_OTHER_20161119_unproc_012_012657_jpg,5MK-1
_media_OTHER_20161119_unproc_012_012658_jpg,5MK-1
_media_OTHER_20161119_unproc_013_013140_jpg,5KT-6
_media_OTHER_20161119_unproc_013_013141_jpg,5KT-6
_media_OTHER_20161119_unproc_013_013142_jpg,5KT-6
_media_OTHER_20161119_unproc_013_013712_jpg,5MK-3
_media_OTHER_20161119_unproc_013_013713_jpg,5MK-3
_media_OTHER_20161119_unproc_013_013714_jpg,5MK-3
_media_OTHER_20161119_unproc_014_014040_jpg,5MK-2
_media_OTHER_20161119_unproc_014_014041_jpg,5MK-2
_media_OTHER_20161119_unproc_014_014042_jpg,5MK-2
_media_OTHER_20161119_unproc_014_014548_jpg,5MK-4A
_media_OTHER_20161119_unproc_014_014549_jpg,5MK-4A
_media_OTHER_20161119_unproc_014_014550_jpg,5MK-4A
_media_OTHER_20161119_unproc_014_014844_jpg,5MK-4
_media_OTHER_20161119_unproc_014_014845_jpg,5MK-4
_media_OTHER_20161119_unproc_014_014846_jpg,5MK-4
_media_OTHER_20161119_unproc_015_015284_jpg,5MK-5A
_media_OTHER_20161119_unproc_015_015285_jpg,5MK-5A
_media_OTHER_20161119_unproc_015_015286_jpg,5MK-5A
_media_OTHER_20161119_unproc_015_015628_jpg,5MK-5
_media_OTHER_20161119_unproc_015_015629_jpg,5MK-5
_media_OTHER_20161119_unproc_015_015630_jpg,5MK-5
_media_OTHER_20161119_unproc_016_016140_jpg,5MK-6A
_media_OTHER_20161119_unproc_016_016141_jpg,5MK-6A
_media_OTHER_20161119_unproc_016_016142_jpg,5MK-6A
_media_OTHER_20161119_unproc_016_016368_jpg,5MK-6
_media_OTHER_20161119_unproc_016_016369_jpg,5MK-6
_media_OTHER_20161119_unproc_016_016370_jpg,5MK-6
_media_OTHER_20161119_unproc_016_016756_jpg,5MK-8
_media_OTHER_20161119_unproc_016_016758_jpg,5MK-8
_media_OTHER_20161119_unproc_016_016759_jpg,5MK-8
_media_OTHER_20161119_unproc_017_017116_jpg,5MK-7
_media_OTHER_20161119_unproc_017_017117_jpg,5MK-7
_media_OTHER_20161119_unproc_017_017118_jpg,5MK-7
_media_OTHER_20161119_unproc_017_017516_jpg,5TU-4
_media_OTHER_20161119_unproc_017_017517_jpg,5TU-4
_media_OTHER_20161119_unproc_017_017518_jpg,5TU-4
_media_OTHER_20161119_unproc_017_017808_jpg,5TU-1
_media_OTHER_20161119_unproc_017_017809_jpg,5TU-1
_media_OTHER_20161119_unproc_017_017810_jpg,5TU-1
_media_OTHER_20161119_unproc_018_018312_jpg,5T-1
_media_OTHER_20161119_unproc_018_018313_jpg,5T-1
_media_OTHER_20161119_unproc_018_018314_jpg,5T-1
_media_OTHER_20161119_unproc_018_018315_jpg,5T-1
_media_OTHER_20161119_unproc_018_018500_jpg,3A-4
_media_OTHER_20161119_unproc_018_018501_jpg,3A-4
_media_OTHER_20161119_unproc_018_018502_jpg,3A-4
_media_OTHER_20161119_unproc_018_018503_jpg,3A-4
_media_OTHER_20161119_unproc_018_018684_jpg,3A-3
_media_OTHER_20161119_unproc_018_018685_jpg,3A-3
_media_OTHER_20161119_unproc_018_018686_jpg,3A-3
_media_OTHER_20161119_unproc_018_018687_jpg,3A-3
_media_OTHER_20161119_unproc_019_019068_jpg,3A-2
_media_OTHER_20161119_unproc_019_019069_jpg,3A-2
_media_OTHER_20161119_unproc_019_019070_jpg,3A-2
_media_OTHER_20161119_unproc_019_019071_jpg,3A-2
_media_OTHER_20161119_unproc_019_019260_jpg,3A-1
_media_OTHER_20161119_unproc_019_019261_jpg,3A-1
_media_OTHER_20161119_unproc_019_019262_jpg,3A-1
_media_OTHER_20161119_unproc_019_019263_jpg,3A-1
_media_OTHER_20161119_unproc_019_019340_jpg,3A-9
_media_OTHER_20161119_unproc_019_019341_jpg,3A-9
_media_OTHER_20161119_unproc_019_019342_jpg,3A-9
_media_OTHER_20161119_unproc_019_019343_jpg,3A-9
_media_OTHER_20161119_unproc_019_019676_jpg,3A-7
_media_OTHER_20161119_unproc_019_019677_jpg,3A-7
_media_OTHER_20161119_unproc_019_019678_jpg,3A-7
_media_OTHER_20161119_unproc_019_019679_jpg,3A-7
_media_OTHER_20161119_unproc_019_019872_jpg,3A-10
_media_OTHER_20161119_unproc_019_019873_jpg,3A-10
_media_OTHER_20161119_unproc_019_019874_jpg,3A-10
_media_OTHER_20161119_unproc_019_019875_jpg,3A-10
_media_OTHER_20161119_unproc_020_020180_jpg,3A-12
_media_OTHER_20161119_unproc_020_020181_jpg,3A-12
_media_OTHER_20161119_unproc_020_020182_jpg,3A-12
_media_OTHER_20161119_unproc_020_020183_jpg,3A-12
_media_OTHER_20161119_unproc_020_020216_jpg,3A-11
_media_OTHER_20161119_unproc_020_020217_jpg,3A-11
_media_OTHER_20161119_unproc_020_020218_jpg,3A-11
_media_OTHER_20161119_unproc_020_020219_jpg,3A-11
_media_OTHER_20161119_unproc_020_020428_jpg,3A-P2
_media_OTHER_20161119_unproc_020_020429_jpg,3A-P2
_media_OTHER_20161119_unproc_020_020430_jpg,3A-P2
_media_OTHER_20161119_unproc_020_020431_jpg,3A-P2
_media_OTHER_20161119_unproc_020_020808_jpg,3A-J1
_media_OTHER_20161119_unproc_020_020809_jpg,3A-J1
_media_OTHER_20161119_unproc_020_020810_jpg,3A-J1
_media_OTHER_20161119_unproc_020_020811_jpg,3A-J1
_media_OTHER_20161119_unproc_021_021124_jpg,3A-13
_media_OTHER_20161119_unproc_021_021125_jpg,3A-13
_media_OTHER_20161119_unproc_021_021126_jpg,3A-13
_media_OTHER_20161119_unproc_021_021127_jpg,3A-13
_media_OTHER_20161119_unproc_021_021524_jpg,3B-1
_media_OTHER_20161119_unproc_021_021525_jpg,3B-1
_media_OTHER_20161119_unproc_021_021526_jpg,3B-1
_media_OTHER_20161119_unproc_021_021868_jpg,3A-P4
_media_OTHER_20161119_unproc_021_021869_jpg,3A-P4
_media_OTHER_20161119_unproc_021_021870_jpg,3A-P4
_media_OTHER_20161119_unproc_021_021871_jpg,3A-P4
_media_OTHER_20161119_unproc_022_022364_jpg,3FW
_media_OTHER_20161119_unproc_022_022365_jpg,3FW
_media_OTHER_20161119_unproc_022_022366_jpg,3FW
_media_OTHER_20161119_unproc_022_022792_jpg,3ES-6
_media_OTHER_20161119_unproc_022_022793_jpg,3ES-6
_media_OTHER_20161119_unproc_022_022794_jpg,3ES-6
_media_OTHER_20161119_unproc_023_023064_jpg,3JCFR
_media_OTHER_20161119_unproc_023_023065_jpg,3JCFR
_media_OTHER_20161119_unproc_023_023066_jpg,3JCFR
_media_OTHER_20161119_unproc_023_023360_jpg,3FWS
_media_OTHER_20161119_unproc_023_023361_jpg,3FWS
_media_OTHER_20161119_unproc_023_023362_jpg,3FWS
_media_OTHER_20161119_unproc_023_023832_jpg,3PA-1
_media_OTHER_20161119_unproc_023_023833_jpg,3PA-1
_media_OTHER_20161119_unproc_023_023834_jpg,3PA-1
_media_OTHER_20161119_unproc_024_024160_jpg,3MA-1
_media_OTHER_20161119_unproc_024_024161_jpg,3MA-1
_media_OTHER_20161119_unproc_024_024162_jpg,3MA-1
_media_OTHER_20161119_unproc_024_024163_jpg,3MA-1
_media_OTHER_20161119_unproc_024_024372_jpg,3JCWR
_media_OTHER_20161119_unproc_024_024373_jpg,3JCWR
_media_OTHER_20161119_unproc_024_024374_jpg,3JCWR
_media_OTHER_20161119_unproc_024_024772_jpg,4E-13
_media_OTHER_20161119_unproc_024_024773_jpg,4E-13
_media_OTHER_20161119_unproc_024_024774_jpg,4E-13
_media_OTHER_20161119_unproc_024_024775_jpg,4E-13
_media_OTHER_20161119_unproc_025_025132_jpg,4E-12
_media_OTHER_20161119_unproc_025_025133_jpg,4E-12
_media_OTHER_20161119_unproc_025_025134_jpg,4E-12
_media_OTHER_20161119_unproc_025_025135_jpg,4E-12
_media_OTHER_20161119_unproc_025_025360_jpg,4E-11
_media_OTHER_20161119_unproc_025_025361_jpg,4E-11
_media_OTHER_20161119_unproc_025_025362_jpg,4E-11
_media_OTHER_20161119_unproc_025_025363_jpg,4E-11
_media_OTHER_20161119_unproc_025_025740_jpg,4E-21
_media_OTHER_20161119_unproc_025_025741_jpg,4E-21
_media_OTHER_20161119_unproc_025_025742_jpg,4E-21
_media_OTHER_20161119_unproc_025_025743_jpg,4E-21
_media_OTHER_20161119_unproc_026_026084_jpg,4E-14
_media_OTHER_20161119_unproc_026_026085_jpg,4E-14
_media_OTHER_20161119_unproc_026_026086_jpg,4E-14
_media_OTHER_20161119_unproc_026_026087_jpg,4E-14
_media_OTHER_20161119_unproc_026_026664_jpg,4E-23
_media_OTHER_20161119_unproc_026_026665_jpg,4E-23
_media_OTHER_20161119_unproc_026_026666_jpg,4E-23
_media_OTHER_20161119_unproc_026_026667_jpg,4E-23
_media_OTHER_20161119_unproc_027_027044_jpg,4E-22
_media_OTHER_20161119_unproc_027_027045_jpg,4E-22
_media_OTHER_20161119_unproc_027_027046_jpg,4E-22
_media_OTHER_20161119_unproc_027_027047_jpg,4E-22
_media_OTHER_20161119_unproc_027_027500_jpg,4E-25
_media_OTHER_20161119_unproc_027_027501_jpg,4E-25
_media_OTHER_20161119_unproc_027_027502_jpg,4E-25
_media_OTHER_20161119_unproc_027_027503_jpg,4E-25
_media_OTHER_20161119_unproc_028_028024_jpg,4E-24
_media_OTHER_20161119_unproc_028_028025_jpg,4E-24
_media_OTHER_20161119_unproc_028_028026_jpg,4E-24
_media_OTHER_20161119_unproc_028_028027_jpg,4E-24
_media_OTHER_20161119_unproc_028_028388_jpg,4E-33
_media_OTHER_20161119_unproc_028_028389_jpg,4E-33
_media_OTHER_20161119_unproc_028_028390_jpg,4E-33
_media_OTHER_20161119_unproc_028_028391_jpg,4E-33
_media_OTHER_20161119_unproc_028_028856_jpg,4E-32
_media_OTHER_20161119_unproc_028_028857_jpg,4E-32
_media_OTHER_20161119_unproc_028_028858_jpg,4E-32
_media_OTHER_20161119_unproc_028_028859_jpg,4E-32
_media_OTHER_20161119_unproc_029_029112_jpg,4E-31
_media_OTHER_20161119_unproc_029_029113_jpg,4E-31
_media_OTHER_20161119_unproc_029_029114_jpg,4E-31
_media_OTHER_20161119_unproc_029_029115_jpg,4E-31
_media_OTHER_20161119_unproc_029_029456_jpg,4E-51
_media_OTHER_20161119_unproc_029_029457_jpg,4E-51
_media_OTHER_20161119_unproc_029_029458_jpg,4E-51
_media_OTHER_20161119_unproc_029_029459_jpg,4E-51
_media_OTHER_20161119_unproc_029_029852_jpg,4E-34
_media_OTHER_20161119_unproc_029_029853_jpg,4E-34
_media_OTHER_20161119_unproc_029_029854_jpg,4E-34
_media_OTHER_20161119_unproc_029_029855_jpg,4E-34
_media_OTHER_20161119_unproc_030_030292_jpg,4E-54
_media_OTHER_20161119_unproc_030_030294_jpg,4E-54
_media_OTHER_20161119_unproc_030_030353_jpg,4E-54
_media_OTHER_20161119_unproc_030_030355_jpg,4E-54
_media_OTHER_20161119_unproc_031_031016_jpg,4E-52
_media_OTHER_20161119_unproc_031_031017_jpg,4E-52
_media_OTHER_20161119_unproc_031_031018_jpg,4E-52
_media_OTHER_20161119_unproc_031_031019_jpg,4E-52
_media_OTHER_20161119_unproc_031_031384_jpg,4ES-5
_media_OTHER_20161119_unproc_031_031385_jpg,4ES-5
_media_OTHER_20161119_unproc_031_031386_jpg,4ES-5
_media_OTHER_20161119_unproc_031_031968_jpg,4ES-4
_media_OTHER_20161119_unproc_031_031969_jpg,4ES-4
_media_OTHER_20161119_unproc_031_031970_jpg,4ES-4
_media_OTHER_20161119_unproc_032_032456_jpg,4ES-6
_media_OTHER_20161119_unproc_032_032457_jpg,4ES-6
_media_OTHER_20161119_unproc_032_032458_jpg,4ES-6
_media_OTHER_20161119_unproc_033_033072_jpg,1MU
_media_OTHER_20161119_unproc_033_033073_jpg,1MU
_media_OTHER_20161119_unproc_033_033074_jpg,1MU
_media_OTHER_20161119_unproc_033_033264_jpg,1FS-9
_media_OTHER_20161119_unproc_033_033265_jpg,1FS-9
_media_OTHER_20161119_unproc_033_033266_jpg,1FS-9
_media_OTHER_20161119_unproc_033_033468_jpg,1FS-4
_media_OTHER_20161119_unproc_033_033469_jpg,1FS-4
_media_OTHER_20161119_unproc_033_033470_jpg,1FS-4
_media_OTHER_20161119_unproc_033_033704_jpg,1FS-1
_media_OTHER_20161119_unproc_033_033705_jpg,1FS-1
_media_OTHER_20161119_unproc_033_033706_jpg,1FS-1
_media_OTHER_20161119_unproc_033_033880_jpg,1F-7
_media_OTHER_20161119_unproc_033_033881_jpg,1F-7
_media_OTHER_20161119_unproc_033_033882_jpg,1F-7
_media_OTHER_20161119_unproc_033_033883_jpg,1F-7
_media_OTHER_20161119_unproc_033_033912_jpg,2SH-1
_media_OTHER_20161119_unproc_033_033913_jpg,2SH-1
_media_OTHER_20161119_unproc_033_033914_jpg,2SH-1
_media_OTHER_20161119_unproc_034_034032_jpg,2MR
_media_OTHER_20161119_unproc_034_034033_jpg,2MR
_media_OTHER_20161119_unproc_034_034034_jpg,2MR
_media_OTHER_20161119_unproc_034_034064_jpg,1SB12
_media_OTHER_20161119_unproc_034_034065_jpg,1SB12
_media_OTHER_20161119_unproc_034_034066_jpg,1SB12
_media_OTHER_20161119_unproc_034_034284_jpg,1RV-2
_media_OTHER_20161119_unproc_034_034285_jpg,1RV-2
_media_OTHER_20161119_unproc_034_034286_jpg,1RV-2
_media_OTHER_20161119_unproc_034_034444_jpg,1MUF
_media_OTHER_20161119_unproc_034_034445_jpg,1MUF
_media_OTHER_20161119_unproc_034_034446_jpg,1MUF
_media_OTHER_20161119_unproc_034_034580_jpg,2SHF1
_media_OTHER_20161119_unproc_034_034581_jpg,2SHF1
_media_OTHER_20161119_unproc_034_034582_jpg,2SHF1
_media_OTHER_20161119_unproc_034_034756_jpg,2SH-8
_media_OTHER_20161119_unproc_034_034757_jpg,2SH-8
_media_OTHER_20161119_unproc_034_034758_jpg,2SH-8
_media_OTHER_20161119_unproc_034_034860_jpg,2SH-7
_media_OTHER_20161119_unproc_034_034861_jpg,2SH-7
_media_OTHER_20161119_unproc_034_034862_jpg,2SH-7
_media_OTHER_20161119_unproc_034_034904_jpg,2SH-3
_media_OTHER_20161119_unproc_034_034905_jpg,2SH-3
_media_OTHER_20161119_unproc_034_034906_jpg,2SH-3
_media_OTHER_20161119_unproc_035_035036_jpg,3AS-1
_media_OTHER_20161119_unproc_035_035037_jpg,3AS-1
_media_OTHER_20161119_unproc_035_035038_jpg,3AS-1
_media_OTHER_20161119_unproc_035_035039_jpg,3AS-1
_media_OTHER_20161119_unproc_035_035152_jpg,2SH-2
_media_OTHER_20161119_unproc_035_035153_jpg,2SH-2
_media_OTHER_20161119_unproc_035_035154_jpg,2SH-2
_media_OTHER_20161119_unproc_035_035288_jpg,2SHVF
_media_OTHER_20161119_unproc_035_035289_jpg,2SHVF
_media_OTHER_20161119_unproc_035_035290_jpg,2SHVF
_media_OTHER_20161119_unproc_035_035392_jpg,2SHR2
_media_OTHER_20161119_unproc_035_035393_jpg,2SHR2
_media_OTHER_20161119_unproc_035_035394_jpg,2SHR2
_media_OTHER_20161119_unproc_035_035612_jpg,2SHR1
_media_OTHER_20161119_unproc_035_035613_jpg,2SHR1
_media_OTHER_20161119_unproc_035_035614_jpg,2SHR1
_media_OTHER_20161119_unproc_035_035868_jpg,5AS-4
_media_OTHER_20161119_unproc_035_035869_jpg,5AS-4
_media_OTHER_20161119_unproc_035_035870_jpg,5AS-4
_media_OTHER_20161119_unproc_035_035871_jpg,5AS-4
_media_OTHER_20161119_unproc_035_035992_jpg,4PEF
_media_OTHER_20161119_unproc_035_035993_jpg,4PEF
_media_OTHER_20161119_unproc_035_035994_jpg,4PEF
_media_OTHER_20161119_unproc_036_036124_jpg,3PESF
_media_OTHER_20161119_unproc_036_036125_jpg,3PESF
_media_OTHER_20161119_unproc_036_036126_jpg,3PESF
_media_OTHER_20161119_unproc_036_036140_jpg,3KL-1
_media_OTHER_20161119_unproc_036_036141_jpg,3KL-1
_media_OTHER_20161119_unproc_036_036142_jpg,3KL-1
_media_OTHER_20161119_unproc_036_036300_jpg,3KL
_media_OTHER_20161119_unproc_036_036301_jpg,3KL
_media_OTHER_20161119_unproc_036_036302_jpg,3KL
_media_OTHER_20161119_unproc_036_036320_jpg,3AS-9
_media_OTHER_20161119_unproc_036_036321_jpg,3AS-9
_media_OTHER_20161119_unproc_036_036322_jpg,3AS-9
_media_OTHER_20161119_unproc_036_036323_jpg,3AS-9
_media_OTHER_20161119_unproc_036_036432_jpg,1E-59
_media_OTHER_20161119_unproc_036_036433_jpg,1E-59
_media_OTHER_20161119_unproc_036_036434_jpg,1E-59
_media_OTHER_20161119_unproc_036_036435_jpg,1E-59
_media_OTHER_20161119_unproc_036_036436_jpg,5PA-3
_media_OTHER_20161119_unproc_036_036437_jpg,5PA-3
_media_OTHER_20161119_unproc_036_036438_jpg,5PA-3
_media_OTHER_20161119_unproc_036_036520_jpg,5OR
_media_OTHER_20161119_unproc_036_036521_jpg,5OR
_media_OTHER_20161119_unproc_036_036522_jpg,5OR
_media_OTHER_20161119_unproc_036_036696_jpg,5MC
_media_OTHER_20161119_unproc_036_036697_jpg,5MC
_media_OTHER_20161119_unproc_036_036698_jpg,5MC
_media_OTHER_20161119_unproc_036_036712_jpg,5KTS3
_media_OTHER_20161119_unproc_036_036713_jpg,5KTS3
_media_OTHER_20161119_unproc_036_036714_jpg,5KTS3
_media_OTHER_20161119_unproc_036_036920_jpg,5KT-3
_media_OTHER_20161119_unproc_036_036921_jpg,5KT-3
_media_OTHER_20161119_unproc_036_036922_jpg,5KT-3
_media_OTHER_20161119_unproc_037_037056_jpg,5KT-1
_media_OTHER_20161119_unproc_037_037057_jpg,5KT-1
_media_OTHER_20161119_unproc_037_037058_jpg,5KT-1
_media_OTHER_20161119_unproc_037_037136_jpg,5GP
_media_OTHER_20161119_unproc_037_037137_jpg,5GP
_media_OTHER_20161119_unproc_037_037138_jpg,5GP
_media_OTHER_20161119_unproc_078_078256_jpg,2F-R4
_media_OTHER_20161119_unproc_156_156311_jpg,1SB-1
_media_OTHER_20161119_unproc_171_171346_jpg,2SHS7
_media_OTHER_20161119_unproc_196_196995_jpg,4E-31
_media_OTHER_20161119_unproc_219_219527_jpg,3AS-1
_media_OTHER_20161119_unproc_236_236692_jpg,3A-P4
_media_OTHER_20161119_unproc_236_236700_jpg,3A-P4
_media_OTHER_20161119_unproc_236_236704_jpg,3A-P4
_media_OTHER_20161119_unproc_236_236744_jpg,3A-P4